key,identifier,experience,dateOfBirth,picture,key:user-account,key:airline
manager-01,TJ952501,3,2012/07/02 0:00,"",user-account-manager-01,airline-01
manager-02,TM606977,3,2012/07/02 0:00,"",user-account-manager-02,airline-01
manager-03,SB581134,3,2012/07/02 0:00,"",user-account-manager-03,airline-01
manager-04,JL421354,3,2012/07/02 0:00,"",user-account-manager-04,airline-01
manager-05,TH495276,3,2012/07/02 0:00,"",user-account-manager-05,airline-01
manager-06,KW644275,3,2012/07/02 0:00,"",user-account-manager-06,airline-01
manager-07,TG494517,3,2012/07/02 0:00,"",user-account-manager-07,airline-01
manager-08,AA342891,3,2012/07/02 0:00,"",user-account-manager-08,airline-01
manager-09,AB901771,3,2012/07/02 0:00,"",user-account-manager-09,airline-01
manager-10,DF104665,3,2012/07/02 0:00,"",user-account-manager-10,airline-01
manager-11,CH924375,3,2012/07/02 0:00,"",user-account-manager-11,airline-01
manager-12,RW961951,3,2012/07/02 0:00,"",user-account-manager-12,airline-01
manager-13,MW324480,0,2012/07/02 0:00,"",user-account-manager-13,airline-01
manager-14,KW671162,1,2012/07/02 0:00,"",user-account-manager-14,airline-01
manager-15,JP763590,30,2012/07/02 0:00,"",user-account-manager-15,airline-01
manager-16,TS877232,29,2012/07/02 0:00,"",user-account-manager-16,airline-01
manager-17,KM802613,3,2000/01/01 0:00,"",user-account-manager-17,airline-01
manager-18,MG449948,3,2000/01/01 0:01,"",user-account-manager-18,airline-01
manager-19,MS127613,3,2024/12/31 23:59,"",user-account-manager-19,airline-01
manager-20,BN305436,3,2025/01/01 0:00,"",user-account-manager-20,airline-01
manager-21,JS105294,3,2012/07/02 0:00,http://lorem.com/ipsum,user-account-manager-21,airline-01
manager-22,SJ451016,3,2012/07/02 0:00,ftp://a,user-account-manager-22,airline-01
manager-23,AW411501,3,2012/07/02 0:00,ftp://a.b,user-account-manager-23,airline-01
manager-24,DS869631,3,2012/07/02 0:00,http://www.lorem-ipsum.org/dolor/sit/amet,user-account-manager-24,airline-01
manager-25,JC714672,3,2012/07/02 0:00,http://www.lorem-ipsum.org/dolor/sit/amet/X,user-account-manager-25,airline-01
manager-26,SP518508,3,2012/07/02 0:00,https://www.lorem-ipsum.org,user-account-manager-26,airline-01
manager-27,JS930372,3,2012/07/02 0:00,ftp://www.lorem-ipsum.org,user-account-manager-27,airline-01
manager-28,HN499674,3,2012/07/02 0:00,http://www.lorem-ipsum.org/dolor/sit.html,user-account-manager-28,airline-01
manager-29,VB983248,3,2012/07/02 0:00,http://www.lorem-ipsum.org/dolor/sit.html#dolor,user-account-manager-29,airline-01
manager-30,KW791369,3,2012/07/02 0:00,http://example.org?a=1&b=2,user-account-manager-30,airline-01
manager-31,TG531055,3,2012/07/02 0:00,http://example.org?,user-account-manager-31,airline-01
manager-32,PH608047,3,2012/07/02 0:00,http://example.org?a,user-account-manager-32,airline-01
manager-33,MM852496,3,2012/07/02 0:00,http://example.org?a&b,user-account-manager-33,airline-01
manager-34,NA674229,3,2012/07/02 0:00,http://example.org/,user-account-manager-34,airline-01
manager-35,TS217520,3,2012/07/02 0:00,http://example.org/a,user-account-manager-35,airline-01
manager-36,RS752393,3,2012/07/02 0:00,http://example.org/a/b,user-account-manager-36,airline-01
manager-37,SW283292,3,2012/07/02 0:00,http://example.org/a/b?,user-account-manager-37,airline-01
manager-38,LA725958,3,2012/07/02 0:00,http://example.org/a/b?a&b,user-account-manager-38,airline-01
